{
  "_format": "hh-sol-cache-2",
  "files": {
    "C:\\Users\\Incre\\Desktop\\crypto\\project_web3.0\\smart_contract\\contracts\\Transactions.sol": {
      "lastModificationDate": 1677236748489,
      "contentHash": "d60a542871ee428ca33df12e8cc39b40",
      "sourceName": "contracts/Transactions.sol",
      "solcConfig": {
        "version": "0.8.0",
        "settings": {
          "optimizer": {
            "enabled": false,
            "runs": 200
          },
          "outputSelection": {
            "*": {
              "*": [
                "abi",
                "evm.bytecode",
                "evm.deployedBytecode",
                "evm.methodIdentifiers",
                "metadata"
              ],
              "": [
                "ast"
              ]
            }
          }
        }
      },
      "imports": [
        "hardhat/console.sol"
      ],
      "versionPragmas": [
        "^0.8.0"
      ],
      "artifacts": [
        "Transactions"
      ]
    },
    "C:\\Users\\Incre\\Desktop\\crypto\\project_web3.0\\smart_contract\\node_modules\\hardhat\\console.sol": {
      "lastModificationDate": 1677272294504,
      "contentHash": "4ff3cd2f6272c9a6516e9ee4f2b967d3",
      "sourceName": "hardhat/console.sol",
      "solcConfig": {
        "version": "0.8.0",
        "settings": {
          "optimizer": {
            "enabled": false,
            "runs": 200
          },
          "outputSelection": {
            "*": {
              "*": [
                "abi",
                "evm.bytecode",
                "evm.deployedBytecode",
                "evm.methodIdentifiers",
                "metadata"
              ],
              "": [
                "ast"
              ]
            }
          }
        }
      },
      "imports": [],
      "versionPragmas": [
        ">= 0.4.22 <0.9.0"
      ],
      "artifacts": [
        "console"
      ]
    }
  }
}
